{"cameraMode":{"drawMode":0,"name":"Shaded","section":"Shading Mode"},"sceneLighting":false,"audioPlay":false,"sceneViewState":{"showFog":true,"showMaterialUpdate":false,"showSkybox":true,"showFlares":true,"showImageEffects":true,"showParticleSystems":true},"in2DMode":false,"pivot":{"x":0.0,"y":-2.5650012493133547,"z":0.10000000894069672},"rotation":{"x":0.06827481091022492,"y":0.8123123049736023,"z":-0.09689262509346008,"w":0.5710510015487671},"size":7.950881481170654,"orthographic":false}