{"cameraMode":{"drawMode":0,"name":"Shaded","section":"Shading Mode"},"sceneLighting":false,"audioPlay":false,"sceneViewState":{"showFog":true,"showMaterialUpdate":false,"showSkybox":true,"showFlares":true,"showImageEffects":true,"showParticleSystems":true},"in2DMode":false,"pivot":{"x":-458.28448486328127,"y":30.31159210205078,"z":11.109729766845704},"rotation":{"x":0.03213600069284439,"y":0.9168558120727539,"z":-0.39077821373939516,"w":0.07506738603115082},"size":6.842904567718506,"orthographic":false}